player,sb_cs_attempts,sb_cs_runs,advancement_opportunities,runner_advancement_opportunities,batter_advancement_opportunities,non_steal_advancement_runs,batter_advancement_runs,runner_advancement_runs,baserunning_runs,teams,coverage,player_key
Jordan Roberts,0,0.14641945470288414,22,17,5,0.8495768025854348,0.3968599669709719,0.45271683561446285,0.995996257288319,Bandits,SB/CS plus non-forced hit/out advancement; WP/PB and forced advances excluded,jordanroberts
Skylar Wallace,0,0.43925836410865243,71,44,27,-0.5542130140010861,-1.0661063984235275,0.5118933844224414,-0.1149546498924337,Bandits,SB/CS plus non-forced hit/out advancement; WP/PB and forced advances excluded,skylarwallace
Sierra Sacco-Ferrie,0,0.3111413412436288,58,39,19,-0.6654714975721916,-1.1480798641532908,0.4826083665810992,-0.3543301563285628,Talons,SB/CS plus non-forced hit/out advancement; WP/PB and forced advances excluded,sierrasaccoferrie
Bubba Nickles-Camarena,0,0.28368769348683803,37,23,14,0.9525812973274969,0.08111685997258979,0.8714644373549071,1.236268990814335,Bandits,SB/CS plus non-forced hit/out advancement; WP/PB and forced advances excluded,bubbanicklescamarena
Delanie Wisz,0,0.36604863675721033,51,33,18,0.631918150044923,0.23937833698872663,0.3925398130561964,0.9979667868021334,Bandits,SB/CS plus non-forced hit/out advancement; WP/PB and forced advances excluded,delaniewisz
Amanda Lorenz,2,-0.6906876052796148,66,46,20,-3.4801616319300064,-0.9073961677720186,-2.572765464157988,-4.170849237209621,Volts,SB/CS plus non-forced hit/out advancement; WP/PB and forced advances excluded,amandalorenz
Sierra Romero,0,0.2653852616489775,40,20,20,-3.176424764247113,-1.8475624209317965,-1.3288623433153166,-2.9110395025981357,Volts,SB/CS plus non-forced hit/out advancement; WP/PB and forced advances excluded,sierraromero
Anissa Urtez,0,0.14641945470288414,32,20,12,-0.8658600065524381,-0.4491959736618589,-0.4166640328905792,-0.7194405518495539,Blaze,SB/CS plus non-forced hit/out advancement; WP/PB and forced advances excluded,anissaurtez
Danieca Coffey,2,-0.5797543205980855,42,24,18,-0.02686909267347034,0.14846098343462127,-0.17533007610809162,-0.6066234132715559,Volts,SB/CS plus non-forced hit/out advancement; WP/PB and forced advances excluded,daniecacoffey
Jadelyn Allchin,0,0.28368769348683803,46,30,16,-0.5341884525986909,-0.4024309381987263,-0.13175751439996458,-0.2505007591118528,Talons,SB/CS plus non-forced hit/out advancement; WP/PB and forced advances excluded,jadelynallchin
Ally Shipman-Shrout,0,0.054907295513581554,5,2,3,-0.04944155885544865,0.09731558449182214,-0.1467571433472708,0.005465736658132901,Blaze|Talons,SB/CS plus non-forced hit/out advancement; WP/PB and forced advances excluded,allyshipmanshrout
Ciara Briggs,4,-1.491791533017029,44,27,17,-1.278017616735274,-0.5854822883523473,-0.6925353283829266,-2.769809149752303,Blaze|Volts,SB/CS plus non-forced hit/out advancement; WP/PB and forced advances excluded,ciarabriggs
Ali Newland,1,-0.23082911065196723,21,14,7,0.6634619331157633,0.5750428466632266,0.08841908645253671,0.4326328224637961,Blaze|Volts,SB/CS plus non-forced hit/out advancement; WP/PB and forced advances excluded,alinewland
Aleshia Ocasio,0,0.018302431837860518,6,5,1,-0.2659103500490753,-0.29084381077663807,0.02493346072756275,-0.2476079182112148,Blaze,SB/CS plus non-forced hit/out advancement; WP/PB and forced advances excluded,aleshiaocasio
Aliyah Andrews,0,0.19217553429753545,44,27,17,1.865983270040365,0.6654260135942796,1.2005572564460854,2.0581588043379004,Blaze,SB/CS plus non-forced hit/out advancement; WP/PB and forced advances excluded,aliyahandrews
Mary Iakopo,0,0.06405851143251182,14,10,4,0.30903217873300537,0.29001741607141984,0.019014762661585527,0.3730906901655172,Bandits|Volts,SB/CS plus non-forced hit/out advancement; WP/PB and forced advances excluded,maryiakopo
Aliyah Binford,0,0.06405851143251182,12,7,5,-0.5153110110452644,-0.3613621647873149,-0.15394884625794952,-0.4512524996127526,Blaze,SB/CS plus non-forced hit/out advancement; WP/PB and forced advances excluded,aliyahbinford
Sarah Willis,0,0.0,0,0,0,0,0,0,0.0,,SB/CS plus non-forced hit/out advancement; WP/PB and forced advances excluded,sarahwillis
Tori Vidales,0,0.2928389094057683,50,31,19,1.13349890101078,0.7659168435908319,0.3675820574199482,1.4263378104165483,Talons,SB/CS plus non-forced hit/out advancement; WP/PB and forced advances excluded,torividales
Maya Brady,1,-0.35807642586504856,30,20,10,-0.31171439812507284,-0.5446081979113895,0.23289379978631664,-0.6697908239901214,Talons,SB/CS plus non-forced hit/out advancement; WP/PB and forced advances excluded,mayabrady
Michaela Edenfield,0,0.09151215918930258,14,9,5,-1.224894516475808,-0.6919707915781642,-0.5329237248976438,-1.1333823572865054,Volts,SB/CS plus non-forced hit/out advancement; WP/PB and forced advances excluded,michaelaedenfield
Cori McMillan,0,0.07320972735144207,15,8,7,0.6220462273681361,0.2850819576772535,0.3369642696908826,0.6952559547195781,Bandits,SB/CS plus non-forced hit/out advancement; WP/PB and forced advances excluded,corimcmillan
Rachel Garcia,0,0.1372682387839539,25,18,7,-2.431240957500659,-1.0627730290955397,-1.3684679284051193,-2.293972718716705,Volts,SB/CS plus non-forced hit/out advancement; WP/PB and forced advances excluded,rachelgarcia
Sharlize Palacios,0,0.3111413412436288,52,35,17,-2.801495032158722,-2.0729922573385497,-0.7285027748201722,-2.490353690915093,Talons,SB/CS plus non-forced hit/out advancement; WP/PB and forced advances excluded,sharlizepalacios
Mia Scott,0,0.2013267502164657,37,26,11,0.39998134907949306,0.0636760942814172,0.3363052547980759,0.6013080992959587,Volts,SB/CS plus non-forced hit/out advancement; WP/PB and forced advances excluded,miascott
Bella Dayton,3,-1.6807017748045263,65,39,26,1.611898787384632,0.7893112594189815,0.8225875279656505,-0.06880298741989432,Bandits,SB/CS plus non-forced hit/out advancement; WP/PB and forced advances excluded,belladayton
Jessi Warren,0,0.2653852616489775,39,24,15,-0.5234502767924691,0.3027029583497931,-0.8261532351422622,-0.2580650151434916,Volts,SB/CS plus non-forced hit/out advancement; WP/PB and forced advances excluded,jessiwarren
Morgan Zerkle,1,0.08563163565100701,70,35,35,-0.09915985455642504,-0.044665621910630435,-0.0544942326457946,-0.013528218905418027,Bandits,SB/CS plus non-forced hit/out advancement; WP/PB and forced advances excluded,morganzerkle
Danielle Gibson Whorton,0,0.4026535004329314,78,52,26,2.3990241154992606,1.5027364616512415,0.8962876538480191,2.801677615932192,Bandits|Blaze,SB/CS plus non-forced hit/out advancement; WP/PB and forced advances excluded,daniellegibsonwhorton
Erika Piancastelli,0,0.08236094327037233,21,15,6,0.9213411553742542,0.6986401570030196,0.22270099837123458,1.0037020986446266,Volts,SB/CS plus non-forced hit/out advancement; WP/PB and forced advances excluded,erikapiancastelli
Sydney Romero,0,0.22878039797325647,54,39,15,-2.077729788515081,-1.226645765097786,-0.8510840234172949,-1.8489493905418244,Talons,SB/CS plus non-forced hit/out advancement; WP/PB and forced advances excluded,sydneyromero
Baylee Klingler,0,0.30199012532469854,55,33,22,0.17654299338260981,-0.01442446786342317,0.19096746124603298,0.47853311870730836,Blaze,SB/CS plus non-forced hit/out advancement; WP/PB and forced advances excluded,bayleeklingler
Kalei Harding,0,0.036604863675721036,4,3,1,-0.4120296554988783,-0.062433688463941775,-0.34959596703493656,-0.3754247918231573,Blaze,SB/CS plus non-forced hit/out advancement; WP/PB and forced advances excluded,kaleiharding
Sydney McKinney,2,-0.6723851734417543,89,54,35,-3.9413011845295327,-3.568154626401512,-0.3731465581280209,-4.613686357971287,Bandits,SB/CS plus non-forced hit/out advancement; WP/PB and forced advances excluded,sydneymckinney
Devyn Netz,0,0.22878039797325647,36,23,13,1.0192787885371088,0.41420809797573444,0.6050706905613744,1.2480591865103654,Bandits|Blaze,SB/CS plus non-forced hit/out advancement; WP/PB and forced advances excluded,devynnetz
Ana Gold,2,-0.9955335733714725,62,39,23,3.3871862497865526,3.711374596449677,-0.32418834666312435,2.39165267641508,Blaze,SB/CS plus non-forced hit/out advancement; WP/PB and forced advances excluded,anagold
Korbe Otis,0,0.4026535004329314,68,42,26,0.2292772996180241,0.338914182314278,-0.1096368826962539,0.6319308000509555,Blaze,SB/CS plus non-forced hit/out advancement; WP/PB and forced advances excluded,korbeotis
Aubrey Leach,1,-0.1018423801350013,84,54,30,-1.4232860062769965,0.47922723816272805,-1.9025132444397246,-1.5251283864119978,Blaze,SB/CS plus non-forced hit/out advancement; WP/PB and forced advances excluded,aubreyleach
Tiare Jennings,0,0.22878039797325647,32,20,12,0.480715544984388,1.7563440329442719,-1.2756284879598838,0.7094959429576445,Volts,SB/CS plus non-forced hit/out advancement; WP/PB and forced advances excluded,tiarejennings
Bri Ellis,0,0.24708282981111698,34,27,7,-1.134513033092981,-0.4021115687259182,-0.7324014643670627,-0.887430203281864,Talons,SB/CS plus non-forced hit/out advancement; WP/PB and forced advances excluded,briellis
Sahvanna Jaquish,0,0.10066337510823285,17,13,4,0.5710338842597461,0.3608563028160266,0.2101775814437195,0.671697259367979,Talons,SB/CS plus non-forced hit/out advancement; WP/PB and forced advances excluded,sahvannajaquish
McKenzie Clark,0,0.22878039797325647,35,26,9,-0.19462799000613945,-0.24517201587981222,0.050544025873672765,0.03415240796711702,Blaze|Volts,SB/CS plus non-forced hit/out advancement; WP/PB and forced advances excluded,mckenzieclark
Erin Coffel,1,-0.28598539216797275,71,52,19,1.0526998449442277,0.8742106753552196,0.17848916958900818,0.766714452776255,Bandits,SB/CS plus non-forced hit/out advancement; WP/PB and forced advances excluded,erincoffel
Dejah Mulipola,0,0.12811702286502363,17,9,8,0.7865760772389436,0.7833470318816891,0.0032290453572545452,0.9146931001039673,Volts,SB/CS plus non-forced hit/out advancement; WP/PB and forced advances excluded,dejahmulipola
Kelly Torres,0,0.0,0,0,0,0,0,0,0.0,,SB/CS plus non-forced hit/out advancement; WP/PB and forced advances excluded,kellytorres
Miranda Stoddard,0,0.009151215918930259,2,1,1,-0.1908370724357878,-0.18702095269030636,-0.0038161197454814333,-0.18168585651685754,Volts,SB/CS plus non-forced hit/out advancement; WP/PB and forced advances excluded,mirandastoddard
Taylor Edwards,0,0.07320972735144207,16,11,5,-0.8277354359486524,-0.5355334940121699,-0.2922019419364825,-0.7545257085972104,Blaze,SB/CS plus non-forced hit/out advancement; WP/PB and forced advances excluded,tayloredwards
Kelsey Stewart-Hunter,0,0.04575607959465129,9,5,4,0.8080367473259374,0.4346868201330873,0.37334992719285015,0.8537928269205888,Volts,SB/CS plus non-forced hit/out advancement; WP/PB and forced advances excluded,kelseystewarthunter
Paige Sinicki,0,0.009151215918930259,5,5,0,0.1241036558811335,0,0.1241036558811335,0.13325487180006376,Talons,SB/CS plus non-forced hit/out advancement; WP/PB and forced advances excluded,paigesinicki
Victoria Hayward,0,0.07320972735144207,14,9,5,1.7224396099662602,1.0911993829138127,0.6312402270524475,1.7956493373177023,Talons,SB/CS plus non-forced hit/out advancement; WP/PB and forced advances excluded,victoriahayward
Caroline Jacobsen,1,-0.5262264073934974,72,47,25,1.9634192390041523,2.2874538724231246,-0.3240346334189723,1.437192831610655,Talons,SB/CS plus non-forced hit/out advancement; WP/PB and forced advances excluded,carolinejacobsen
Sam Show,0,0.018302431837860518,1,0,1,-0.08379500927612511,-0.08379500927612511,0.0,-0.06549257743826459,Volts,SB/CS plus non-forced hit/out advancement; WP/PB and forced advances excluded,samshow
Hannah Flippen,0,0.33859498900041957,55,36,19,2.527709402239205,1.8256047229873387,0.7021046792518661,2.866304391239624,Talons,SB/CS plus non-forced hit/out advancement; WP/PB and forced advances excluded,hannahflippen
Ali Aguilar,0,0.28368769348683803,42,33,9,-0.4505911506799141,-0.23796121570749473,-0.2126299349724194,-0.1669034571930761,Talons,SB/CS plus non-forced hit/out advancement; WP/PB and forced advances excluded,aliaguilar
Sis Bates,0,0.1372682387839539,20,11,9,0.31627682162020126,-0.17384915165010156,0.49012597327030283,0.45354506040415515,Volts,SB/CS plus non-forced hit/out advancement; WP/PB and forced advances excluded,sisbates
Kayla Kowalik,2,-0.08562958347501176,47,31,16,2.0146300317772674,0.744068458077771,1.2705615736994964,1.9290004483022556,Blaze,SB/CS plus non-forced hit/out advancement; WP/PB and forced advances excluded,kaylakowalik
