player_key,player,teams,PA,IP,batting_runs,hitting_runs,wRAA,batting_war,baserunning_runs,baserunning_component_runs,baserunning_war,sb_cs_runs,non_steal_advancement_runs,runner_advancement_runs,batter_advancement_runs,advancement_opportunities,double_play_avoidance_runs,double_play_opportunities,range_runs,arm_runs,catcher_stolen_bases_allowed,catcher_caught_stealing,catcher_steal_attempts,catcher_cs_rate,catcher_throwing_runs,throwing_runs,defense_runs,defense_war,defensive_war,offensive_war,arm_opportunities,positional_adjustment_runs,league_adjustment_runs,position_replacement_runs,position_war,RA7,ERA,FIP,ERA_minus_FIP,FIP_BF,opponent_expected_RA7,pitching_runs_above_average,ra7_pitching_runs_above_average,pitching_war,pitcher_range_runs,pitcher_arm_runs,pitcher_defense_runs,pitcher_defense_war,pitcher_war,total_war,quality_flags
abyvieira,Aby Vieira,Blaze,0,0.0,0.0,0.0,0.0,0.0,0.0,0.0,0.0,0.0,0.0,0.0,0.0,0,0.0,0,0.0,0.0,0,0,0,0.0,0.0,0.0,0.0,0.0,0.0,0.0,0,0.0,-0.0,0.0,0.0,0.0,0.0,0.0,0.0,0,0.0,0.0,0.0,0.0,0.0,0.0,0.0,0.0,0.0,0.0,no_positional_adjustment
alanavawter,Alana Vawter,Blaze,0,31.0,0.0,0.0,0.0,0.0,0.0,0.0,0.0,0.0,0.0,0.0,0.0,0,0.0,0,0.0,0.0,0,0,0,0.0,0.0,0.0,0.0,0.0,0.0,0.0,0,0.0,-0.0,0.0,0.0,6.32258064516129,4.516129032258064,4.219260181019538,0.2968688512385258,152,5.232160620755586,-4.82823802368887,-4.851413201708639,-0.045787902285865836,0.0,-0.023175178019768993,-0.023175178019768993,-0.002173075957891528,-0.04796097824375736,-0.04796097824375736,no_positional_adjustment|no_reliever_leverage_adjustment
aleshiaocasio,Aleshia Ocasio,Blaze,6,30.666666666666668,-1.392838438452252,-1.392838438452252,-1.392838438452252,-0.13060282519710878,-0.2476079182112148,-0.2476079182112148,-0.023217548257423313,0.018302431837860518,-0.2659103500490753,0.02493346072756275,-0.29084381077663807,6,0.0,0,0.0,0.0031717730610008755,0,0,0,0.0,0.0,0.0031717730610008755,0.0031717730610008755,0.00029740888190241935,0.00029740888190241935,-0.13158985705876086,1,0.0,-0.001089866875683493,0.23817139781456137,-0.13129244817685845,8.67391304347826,7.989130434782608,6.390601929500137,1.5985285052824718,161,5.114591039358144,-15.731625752890066,-15.615389474724832,-1.0725458480678514,0.10407292425686693,0.012163353908367341,0.11623627816523427,0.010899172437864204,-1.0616466756299872,-1.1929391238068456,small_position_player_sample|no_positional_adjustment|no_reliever_leverage_adjustment
aliaguilar,Ali Aguilar,Talons,83,0.0,-1.8559008901179308,-1.8559008901179308,-1.8559008901179308,-0.17402298274060732,-0.1669034571930761,-0.9262702931649931,-0.08685394791224336,0.28368769348683803,-0.4505911506799141,-0.2126299349724194,-0.23796121570749473,42,-0.759366835971917,4,-0.2697570196737991,-0.12124758125152064,0,0,0,0.0,0.0,-0.12124758125152064,-0.39100460092531975,-0.03666348094374868,-0.03666348094374868,0.04664521282198482,17,0.0,-0.01507649178028832,3.2947043364347652,0.009981731878236127,0.0,0.0,0.0,0.0,0,0.0,0.0,0.0,0.0,0.0,0.0,0.0,0.0,0.0,0.009981731878236127,no_positional_adjustment
alinewland,Ali Newland,Blaze|Volts,21,0.0,2.11575287305984,2.11575287305984,2.11575287305984,0.1983886249919772,0.4326328224637961,0.5832329454366747,0.05468823111078447,-0.23082911065196723,0.6634619331157633,0.08841908645253671,0.5750428466632266,21,0.15060012297287856,1,0.0,-0.09491823482992617,0,0,0,0.0,0.0,-0.09491823482992617,-0.09491823482992617,-0.008900235152388736,-0.008900235152388736,0.330883663487961,4,0.0,-0.0038145340648922253,0.8335998923509648,0.3219834283355723,0.0,0.0,0.0,0.0,0,0.0,0.0,0.0,0.0,0.0,0.0,0.0,0.0,0.0,0.3219834283355723,no_positional_adjustment
aliyahandrews,Aliyah Andrews,Blaze,54,0.0,-2.732563030297741,-2.732563030297741,-2.732563030297741,-0.25622530362001633,2.0581588043379004,2.0581588043379004,0.19298817948299177,0.19217553429753545,1.865983270040365,1.2005572564460854,0.6654260135942796,44,0.0,0,0.0,-0.20253719196642997,0,0,0,0.0,0.0,-0.20253719196642997,-0.20253719196642997,-0.018991383887781554,-0.018991383887781554,0.13683752342491662,18,0.0,-0.009808801881151437,2.143542580331052,0.11784613953713505,0.0,0.0,0.0,0.0,0,0.0,0.0,0.0,0.0,0.0,0.0,0.0,0.0,0.0,0.11784613953713505,no_positional_adjustment
aliyahbinford,Aliyah Binford,Blaze,23,13.666666666666666,-2.2230313004876656,-2.2230313004876656,-2.2230313004876656,-0.2084478431453376,-0.4512524996127526,-0.951720113221103,-0.08924031111728205,0.06405851143251182,-0.5153110110452644,-0.15394884625794952,-0.3613621647873149,12,-0.5004676136083503,1,-0.10852293894922954,-0.010655661542824426,0,0,0,0.0,0.0,-0.010655661542824426,-0.11917860049205396,-0.011175066323267164,-0.011175066323267164,-0.21247117474549657,5,0.0,-0.00417782302345339,0.9129903582891519,-0.22364624106876374,5.634146341463415,4.609756097560976,4.0411851744630205,0.5685709230979556,64,5.3828947037137285,-0.4439200141895706,-0.5004186934724749,0.1377799230951296,0.0,-0.056498679282904314,-0.056498679282904314,-0.005297733700149904,0.1324821893949797,-0.09116405167378405,no_positional_adjustment|no_reliever_leverage_adjustment
allyshipmanshrout,Ally Shipman-Shrout,Blaze|Talons,19,0.0,-0.365655153658908,-0.365655153658908,-0.365655153658908,-0.034286529433236505,0.005465736658132901,0.005465736658132901,0.0005125078613775147,0.054907295513581554,-0.04944155885544865,-0.1467571433472708,0.09731558449182214,5,0.0,0,0.0,0.0,0,0,0,0.0,0.0,0.0,0.0,0.0,0.0,0.03662261368141661,0,0.0,-0.003451245106331061,0.7542094264127777,0.03662261368141661,0.0,0.0,0.0,0.0,0,0.0,0.0,0.0,0.0,0.0,0.0,0.0,0.0,0.0,0.03662261368141661,small_position_player_sample|no_positional_adjustment
amandalorenz,Amanda Lorenz,Volts,92,0.0,4.213274341721778,4.213274341721778,4.213274341721778,0.3950677387758039,-4.170849237209621,-3.546020843881206,-0.33250111975179925,-0.6906876052796148,-3.4801616319300064,-2.572765464157988,-0.9073961677720186,66,0.624828393328415,4,-0.20083261599838648,-0.5790970983082713,0,0,0,0.0,0.0,-0.5790970983082713,-0.7799297143066577,-0.07313197376776395,-0.07313197376776395,0.403434537092497,22,0.0,-0.01671129209381356,3.6519614331566075,0.33030256332473307,0.0,0.0,0.0,0.0,0,0.0,0.0,0.0,0.0,0.0,0.0,0.0,0.0,0.0,0.33030256332473307,no_positional_adjustment
anagold,Ana Gold,Blaze,82,0.0,7.151252871931292,7.151252871931292,7.151252871931292,0.6705543177075252,2.39165267641508,2.39165267641508,0.224259029480212,-0.9955335733714725,3.3871862497865526,-0.32418834666312435,3.711374596449677,62,0.0,0,-0.32239253570771115,-0.16737846088365974,0,0,0,0.0,0.0,-0.16737846088365974,-0.4897709965913709,-0.04592454809440512,-0.04592454809440512,1.1986304045966107,17,0.0,-0.014894847301007737,3.255009103465672,1.1527058565022055,0.0,0.0,0.0,0.0,0,0.0,0.0,0.0,0.0,0.0,0.0,0.0,0.0,0.0,1.1527058565022055,no_positional_adjustment
anissaurtez,Anissa Urtez,Blaze,51,0.0,-5.39234729581313,-5.39234729581313,-5.39234729581313,-0.5056263324120827,-0.7194405518495539,-0.5688404288766753,-0.05333868239605998,0.14641945470288414,-0.8658600065524381,-0.4166640328905792,-0.4491959736618589,32,0.15060012297287856,1,0.0,-0.25805616569566675,0,0,0,0.0,0.0,-0.25805616569566675,-0.25805616569566675,-0.024197253155102866,-0.024197253155102866,-0.3700056254440871,31,0.0,-0.00926386844330969,2.0244568814237716,-0.39420287859919,0.0,0.0,0.0,0.0,0,0.0,0.0,0.0,0.0,0.0,0.0,0.0,0.0,0.0,-0.39420287859919,no_positional_adjustment
aubreyleach,Aubrey Leach,Blaze,94,0.0,4.490839151115958,4.490839151115958,4.490839151115958,0.42109426653480186,-1.5251283864119978,-1.4048246385095229,-0.13172673989363085,-0.1018423801350013,-1.4232860062769965,-1.9025132444397246,0.47922723816272805,84,0.1203037479024748,1,-0.5731793678898195,0.348058998666491,0,0,0,0.0,0.0,0.348058998666491,-0.2251203692233285,-0.021108949479204706,-0.021108949479204706,0.6376456168415872,24,0.0,-0.017074581052374724,3.7313518990947947,0.6165366673623824,0.0,0.0,0.0,0.0,0,0.0,0.0,0.0,0.0,0.0,0.0,0.0,0.0,0.0,0.6165366673623824,no_positional_adjustment
bayleeklingler,Baylee Klingler,Blaze,74,0.0,3.732608867896125,3.732608867896125,3.732608867896125,0.34999699178658716,0.47853311870730836,0.09836925300143279,0.009223828119499958,0.30199012532469854,0.17654299338260981,0.19096746124603298,-0.01442446786342317,55,-0.38016386570587557,2,0.11246626495909645,-0.030760767723118945,0,0,0,0.0,0.0,-0.030760767723118945,0.0817054972359775,0.0076613112321993375,0.0076613112321993375,0.6333971887872657,25,0.0,-0.01344169146676308,2.9374472397129234,0.6410585000194651,0.0,0.0,0.0,0.0,0,0.0,0.0,0.0,0.0,0.0,0.0,0.0,0.0,0.0,0.6410585000194651,no_positional_adjustment
belladayton,Bella Dayton,Bandits,84,0.0,0.14867927679484727,0.14867927679484727,0.14867927679484727,0.013941267746205768,-0.06880298741989432,0.1718045083850553,0.01610966035775282,-1.6807017748045263,1.611898787384632,0.8225875279656505,0.7893112594189815,65,0.2406074958049496,2,0.0,1.256267385556699,0,0,0,0.0,0.0,1.256267385556699,1.256267385556699,0.11779691400462092,0.11779691400462092,0.34127815764475594,28,0.0,-0.015258136259568901,3.334399569403859,0.4590750716493769,0.0,0.0,0.0,0.0,0,0.0,0.0,0.0,0.0,0.0,0.0,0.0,0.0,0.0,0.4590750716493769,no_positional_adjustment
briellis,Bri Ellis,Talons,65,0.0,-3.715496339299518,-3.715496339299518,-3.715496339299518,-0.34839239464216404,-0.887430203281864,-1.8444108262192547,-0.17294558943680824,0.24708282981111698,-1.134513033092981,-0.7324014643670627,-0.4021115687259182,34,-0.9569806229373908,2,0.0,0.13476754177575864,0,0,0,0.0,0.0,0.13476754177575864,0.13476754177575864,0.012636800661778148,0.012636800661778148,-0.2805073897914505,15,0.0,-0.01180689115323784,2.580190142991081,-0.2678705891296724,0.0,0.0,0.0,0.0,0,0.0,0.0,0.0,0.0,0.0,0.0,0.0,0.0,0.0,-0.2678705891296724,no_positional_adjustment
brookemccubbin,Brooke McCubbin,Blaze,0,4.0,0.0,0.0,0.0,0.0,0.0,0.0,0.0,0.0,0.0,0.0,0.0,0,0.0,0,0.0,0.0,0,0,0,0.0,0.0,0.0,0.0,0.0,0.0,0.0,0,0.0,0.0,0.0,0.0,15.75,15.75,6.483597098582262,9.266402901417738,30,4.9269551238311795,-6.187488715513679,-6.187488715513679,-0.5276758453901701,0.0,0.0,0.0,0.0,-0.5276758453901701,-0.5276758453901701,small_pitching_sample|no_reliever_leverage_adjustment
brookeyanez,Brooke Yanez,Blaze,0,0.6666666666666666,0.0,0.0,0.0,0.0,0.0,0.0,0.0,0.0,0.0,0.0,0.0,0,0.0,0,0.0,0.0,0,0,0,0.0,0.0,0.0,0.0,0.0,0.0,0.0,0,0.0,-0.0,0.0,0.0,42.0,42.0,16.78915265413782,25.21084734586218,7,5.785952886767628,-3.4511110640792877,-3.449438808496427,-0.31485020695476174,0.0,0.0016722555828609848,0.0016722555828609848,0.0001568030415760022,-0.31469340391318573,-0.31469340391318573,small_pitching_sample|no_positional_adjustment|no_reliever_leverage_adjustment
bubbanicklescamarena,Bubba Nickles-Camarena,Bandits,93,0.0,-3.2020044507022045,-3.2020044507022045,-3.2020044507022045,-0.3002436004136458,1.236268990814335,1.236268990814335,0.11592171672354783,0.28368769348683803,0.9525812973274969,0.8714644373549071,0.08111685997258979,37,0.0,0,0.0,-0.40594796792277876,0,0,0,0.0,0.0,-0.40594796792277876,-0.40594796792277876,-0.038064681466326224,-0.038064681466326224,0.16025112044435627,36,0.0,-0.016892936573094142,3.691656666125701,0.12218643897803005,0.0,0.0,0.0,0.0,0,0.0,0.0,0.0,0.0,0.0,0.0,0.0,0.0,0.0,0.12218643897803005,no_positional_adjustment
carleyhoover,Carley Hoover,Blaze,0,0.6666666666666666,0.0,0.0,0.0,0.0,0.0,0.0,0.0,0.0,0.0,0.0,0.0,0,0.0,0,0.0,0.0,0,0,0,0.0,0.0,0.0,0.0,0.0,0.0,0.0,0,0.0,0.0,0.0,0.0,63.0,52.5,13.289152654137817,39.210847345862184,8,4.424663452290479,-5.579085421303774,-5.579085421303774,-0.5143848086199403,0.0,0.0,0.0,0.0,-0.5143848086199403,-0.5143848086199403,small_pitching_sample|no_reliever_leverage_adjustment
carolinejacobsen,Caroline Jacobsen,Talons,90,0.0,5.4377957904101475,5.4377957904101475,5.4377957904101475,0.5098879191341735,1.437192831610655,1.3980107813713885,0.1310878222933105,-0.5262264073934974,1.9634192390041523,-0.3240346334189723,2.2874538724231246,72,-0.03918205023926663,4,0.0,0.01953894155675088,0,0,0,0.0,0.0,0.01953894155675088,0.01953894155675088,0.001832115554987492,0.001832115554987492,0.9744334873640526,10,0.0,-0.016348003135252396,3.5725709672184203,0.9762656029190401,0.0,0.0,0.0,0.0,0,0.0,0.0,0.0,0.0,0.0,0.0,0.0,0.0,0.0,0.9762656029190401,no_positional_adjustment
ciarabriggs,Ciara Briggs,Blaze|Volts,63,0.0,-0.32182510902257516,-0.32182510902257516,-0.32182510902257516,-0.03017670053995766,-2.769809149752303,-2.769809149752303,-0.2597177750324224,-1.491791533017029,-1.278017616735274,-0.6925353283829266,-0.5854822883523473,44,0.0,0,0.0,0.030445425694555894,0,0,0,0.0,0.0,0.030445425694555894,0.030445425694555894,0.002854788107697645,0.002854788107697645,-0.056474053416781994,30,0.0,-0.011443602194676676,2.5007996770528944,-0.053619265309084355,0.0,0.0,0.0,0.0,0,0.0,0.0,0.0,0.0,0.0,0.0,0.0,0.0,0.0,-0.053619265309084355,no_positional_adjustment
corimcmillan,Cori McMillan,Bandits,36,0.0,-6.1511091800966735,-6.1511091800966735,-6.1511091800966735,-0.576773454004613,0.6952559547195781,0.8458560776924566,0.07931371680087866,0.07320972735144207,0.6220462273681361,0.3369642696908826,0.2850819576772535,15,0.15060012297287856,1,0.0,0.027495419767098996,0,0,0,0.0,0.0,0.027495419767098996,0.027495419767098996,0.0025781737511164056,0.0025781737511164056,-0.36407663882910685,6,0.0,-0.006539201254100958,1.429028386887368,-0.36149846507799044,0.0,0.0,0.0,0.0,0,0.0,0.0,0.0,0.0,0.0,0.0,0.0,0.0,0.0,-0.36149846507799044,no_positional_adjustment
daniecacoffey,Danieca Coffey,Volts,70,0.0,-1.3020610374726211,-1.3020610374726211,-1.3020610374726211,-0.1220908652276776,-0.6066234132715559,-0.30280883597345676,-0.028393594246815507,-0.5797543205980855,-0.02686909267347034,-0.17533007610809162,0.14846098343462127,42,0.30381457729809913,2,0.1541204371661692,0.13555677536982652,0,0,0,0.0,0.0,0.13555677536982652,0.2896772125359957,0.027162276189379678,0.027162276189379678,0.108871565142838,28,0.0,-0.012715113549640751,2.778666307836549,0.13603384133221766,0.0,0.0,0.0,0.0,0,0.0,0.0,0.0,0.0,0.0,0.0,0.0,0.0,0.0,0.13603384133221766,no_positional_adjustment
daniellegibsonwhorton,Danielle Gibson Whorton,Bandits|Blaze,94,0.0,1.7798169465161862,1.7798169465161862,1.7798169465161862,0.1668887899209668,2.801677615932192,2.3132066220543326,0.21690334769958544,0.4026535004329314,2.3990241154992606,0.8962876538480191,1.5027364616512415,78,-0.48847099387785947,1,0.06556594228182616,0.19110835350289793,0,0,0,0.0,0.0,0.19110835350289793,0.2566742957847241,0.024067678820103515,0.024067678820103515,0.7320702278209684,14,0.0,-0.017074581052374724,3.7313518990947947,0.7561379066410718,0.0,0.0,0.0,0.0,0,0.0,0.0,0.0,0.0,0.0,0.0,0.0,0.0,0.0,0.7561379066410718,no_positional_adjustment
dejahmulipola,Dejah Mulipola,Volts,48,0.0,-3.981524892598824,-3.981524892598824,-3.981524892598824,-0.37333719777568275,0.9146931001039673,0.9146931001039673,0.08576838473428965,0.12811702286502363,0.7865760772389436,0.0032290453572545452,0.7833470318816891,17,0.0,0,0.12488750910824033,-0.15327211552996453,26,4,30,0.13333333333333333,-1.2703554132878754,-1.42362752881784,-1.2987400197095995,-0.12177946205958126,-0.12177946205958126,-0.10972468187522318,13,0.0,-0.008718935005467944,1.905371182516491,-0.23150414393480442,0.0,0.0,0.0,0.0,0,0.0,0.0,0.0,0.0,0.0,0.0,0.0,0.0,0.0,-0.23150414393480442,no_positional_adjustment
delaniewisz,Delanie Wisz,Bandits,90,0.0,1.303297542006535,1.303297542006535,1.303297542006535,0.12220680903066285,0.9979667868021334,0.4765850865015282,0.04468813971925849,0.36604863675721033,0.631918150044923,0.3925398130561964,0.23937833698872663,51,-0.5213817003006052,1,-0.20981101530184373,0.1155809433327274,0,0,0,0.0,0.0,0.1155809433327274,-0.09423007196911633,-0.008835707916970564,-0.008835707916970564,0.5003526946864899,30,0.0,-0.016348003135252396,3.5725709672184203,0.4915169867695194,0.0,0.0,0.0,0.0,0,0.0,0.0,0.0,0.0,0.0,0.0,0.0,0.0,0.0,0.4915169867695194,no_positional_adjustment
devynnetz,Devyn Netz,Bandits|Blaze,71,19.666666666666668,-3.389445010879654,-3.389445010879654,-3.389445010879654,-0.3178194125393554,1.2480591865103654,1.420053843895416,0.13315474273588068,0.22878039797325647,1.0192787885371088,0.6050706905613744,0.41420809797573444,36,0.17199465738505051,1,0.41148982070826723,-0.36237343471952194,0,0,0,0.0,0.0,-0.36237343471952194,0.04911638598874529,0.00460551532504373,0.00460551532504373,0.0783964408798183,18,0.0,-0.012896758028921334,2.818361540805643,0.08300195620486203,3.9152542372881354,3.9152542372881354,4.766553784081321,-0.8512995467931854,89,4.947862194792709,3.2792994477835027,2.8869193957115673,0.5656597288487978,-0.35070155174000056,-0.041678500331934945,-0.3923800520719355,-0.036792453407969467,0.5288672754408283,0.6118692316456904,no_positional_adjustment|no_reliever_leverage_adjustment
elenaescobar,Elena Escobar,Talons,0,2.0,0.0,0.0,0.0,0.0,0.0,0.0,0.0,0.0,0.0,0.0,0.0,0,0.0,0,0.0,0.0,0,0,0,0.0,0.0,0.0,0.0,0.0,0.0,0.0,0,0.0,0.0,0.0,0.0,3.5,3.5,3.9558193208044843,-0.4558193208044843,9,5.785952886767628,0.6516835745107173,0.6516835745107173,0.08736107930106592,0.0,0.0,0.0,0.0,0.08736107930106592,0.08736107930106592,small_pitching_sample|no_reliever_leverage_adjustment
emileykennedy,Emiley Kennedy,Bandits,0,25.333333333333332,0.0,0.0,0.0,0.0,0.0,0.0,0.0,0.0,0.0,0.0,0.0,0,0.0,0,0.0,0.0,0,0,0,0.0,0.0,0.0,0.0,0.0,0.0,0.0,0,0.0,-0.0,0.0,0.0,6.355263157894737,6.078947368421053,5.49090704010273,0.5880403283183231,129,4.733195795628557,-5.8601426987192395,-5.8886527669866,-0.21693440931962737,0.03311411226354857,-0.06162418053090916,-0.028510068267360585,-0.002673314692849337,-0.21960772401247672,-0.21960772401247672,no_positional_adjustment|no_reliever_leverage_adjustment
emmalemley,Emma Lemley,Blaze,0,35.0,0.0,0.0,0.0,0.0,0.0,0.0,0.0,0.0,0.0,0.0,0.0,0,0.0,0,0.0,0.0,0,0,0,0.0,0.0,0.0,0.0,0.0,0.0,0.0,0,0.0,-0.0,0.0,0.0,6.3999999999999995,5.6000000000000005,4.700263765248929,0.8997362347510718,167,5.082218053789816,-6.631557098327648,-6.614211610951504,-0.1623716027192075,0.017345487376144487,0.0,0.017345487376144487,0.0016264410811799366,-0.16074516163802757,-0.16074516163802757,no_positional_adjustment|no_reliever_leverage_adjustment
erikapiancastelli,Erika Piancastelli,Volts,29,0.0,-1.2909449693667001,-1.2909449693667001,-1.2909449693667001,-0.12104854053327155,1.0037020986446266,1.0037020986446266,0.0941145262223815,0.08236094327037233,0.9213411553742542,0.22270099837123458,0.6986401570030196,21,0.0,0,0.0,-0.005099986402019795,0,0,0,0.0,0.0,-0.005099986402019795,-0.005099986402019795,-0.0004782124144353564,-0.0004782124144353564,0.0805134816020043,4,0.0,-0.005267689899136883,1.1511617561037133,0.08003526918756895,0.0,0.0,0.0,0.0,0,0.0,0.0,0.0,0.0,0.0,0.0,0.0,0.0,0.0,0.08003526918756895,no_positional_adjustment
erincoffel,Erin Coffel,Bandits,91,0.0,15.504457022045779,15.504457022045779,15.504457022045779,1.4538124697911596,0.766714452776255,0.9173145757491337,0.08601419366373346,-0.28598539216797275,1.0526998449442277,0.17848916958900818,0.8742106753552196,71,0.15060012297287856,1,0.32360682021131837,-0.25230766957586154,0,0,0,0.0,0.0,-0.25230766957586154,0.07129915063545683,0.006685535271048679,0.006685535271048679,1.8769894954574233,37,0.0,-0.016529647614532978,3.612266200187514,1.8836750307284722,0.0,0.0,0.0,0.0,0,0.0,0.0,0.0,0.0,0.0,0.0,0.0,0.0,0.0,1.8836750307284722,no_positional_adjustment
georginacorrick,Georgina Corrick,Talons,0,40.333333333333336,0.0,0.0,0.0,0.0,0.0,0.0,0.0,0.0,0.0,0.0,0.0,0,0.0,0,0.0,0.0,0,0,0,0.0,0.0,0.0,0.0,0.0,0.0,0.0,0,0.0,-0.0,0.0,0.0,2.0826446280991737,2.0826446280991737,3.6954887422920875,-1.6128441141929137,173,5.083516040437694,17.17050402575434,17.26157787616032,2.1394973113626183,0.10407292425686693,-0.012999073850888419,0.09107385040597851,0.008539757258434824,2.1480370686210533,2.1480370686210533,no_positional_adjustment|no_reliever_leverage_adjustment
hannahflippen,Hannah Flippen,Talons,89,0.0,-1.1985894193624946,-1.1985894193624946,-1.1985894193624946,-0.11238860164862569,2.866304391239624,2.866304391239624,0.26876588198323687,0.33859498900041957,2.527709402239205,0.7021046792518661,1.8256047229873387,55,0.0,0,-0.38734341286494234,0.4041218546538267,0,0,0,0.0,0.0,0.4041218546538267,0.01677844178888438,0.0015732706963978954,0.0015732706963978954,0.48612994020521794,19,0.0,-0.016166358655971814,3.532875734249327,0.4877032109016159,0.0,0.0,0.0,0.0,0,0.0,0.0,0.0,0.0,0.0,0.0,0.0,0.0,0.0,0.4877032109016159,no_positional_adjustment
hopetrautweinvaldespino,Hope Trautwein-Valdespino,Blaze,0,8.0,0.0,0.0,0.0,0.0,0.0,0.0,0.0,0.0,0.0,0.0,0.0,0,0.0,0,0.0,0.0,0,0,0,0.0,0.0,0.0,0.0,0.0,0.0,0.0,0,0.0,0.0,0.0,0.0,9.625,9.625,8.13637487636004,1.4886251236399595,44,5.075542083625305,-5.205163762691214,-5.205163762691214,-0.38305697563585484,0.0,0.0,0.0,0.0,-0.38305697563585484,-0.38305697563585484,no_reliever_leverage_adjustment
jadelynallchin,Jadelyn Allchin,Talons,61,0.0,4.698168407154959,4.698168407154959,4.698168407154959,0.44053498976383454,-0.2505007591118528,-0.2505007591118528,-0.02348880239863506,0.28368769348683803,-0.5341884525986909,-0.13175751439996458,-0.4024309381987263,46,0.0,0,0.0,0.06513442305474329,0,0,0,0.0,0.0,0.06513442305474329,0.06513442305474329,0.006107484855160959,0.006107484855160959,0.6430564373888736,17,0.0,-0.011080313236115512,2.421409211114707,0.6491639222440346,0.0,0.0,0.0,0.0,0,0.0,0.0,0.0,0.0,0.0,0.0,0.0,0.0,0.0,0.6491639222440346,no_positional_adjustment
jessiwarren,Jessi Warren,Volts,66,0.0,0.962412740958039,0.962412740958039,0.962412740958039,0.0902429309134277,-0.2580650151434916,-0.1377612672410168,-0.012917514485315154,0.2653852616489775,-0.5234502767924691,-0.8261532351422622,0.3027029583497931,39,0.1203037479024748,1,-0.2057449103541336,0.013164943060411627,0,0,0,0.0,0.0,0.013164943060411627,-0.19257996729372195,-0.018057720917636143,-0.018057720917636143,0.3218610967815962,20,0.0,-0.011988535632518423,2.619885375960175,0.30380337586396006,0.0,0.0,0.0,0.0,0,0.0,0.0,0.0,0.0,0.0,0.0,0.0,0.0,0.0,0.30380337586396006,no_positional_adjustment
jordanroberts,Jordan Roberts,Bandits,40,0.0,-1.1364326946223977,-1.1364326946223977,-1.1364326946223977,-0.1065603277929182,0.995996257288319,1.4031260107955748,0.13156746400615155,0.14641945470288414,0.8495768025854348,0.45271683561446285,0.3968599669709719,22,0.4071297535072558,3,0.0,-0.02394043314334994,18,8,26,0.3076923076923077,0.4785459431483141,0.4546055100049642,0.4546055100049642,0.04262717219579102,0.04262717219579102,0.1732105788517083,9,0.0,-0.007265779171223286,1.5878093187637423,0.2158377510474993,0.0,0.0,0.0,0.0,0,0.0,0.0,0.0,0.0,0.0,0.0,0.0,0.0,0.0,0.2158377510474993,no_positional_adjustment
kaleiharding,Kalei Harding,Blaze,25,0.0,-4.610736967855828,-4.610736967855828,-4.610736967855828,-0.4323367718885403,-0.3754247918231573,-0.3754247918231573,-0.035202602906066784,0.036604863675721036,-0.4120296554988783,-0.34959596703493656,-0.062433688463941775,4,0.0,0,0.0,0.15746013297035077,0,0,0,0.0,0.0,0.15746013297035077,0.15746013297035077,0.014764625712578801,0.014764625712578801,-0.3749122231455602,14,0.0,-0.004541111982014554,0.992380824227339,-0.3601475974329814,0.0,0.0,0.0,0.0,0,0.0,0.0,0.0,0.0,0.0,0.0,0.0,0.0,0.0,-0.3601475974329814,no_positional_adjustment
kaylakowalik,Kayla Kowalik,Blaze,76,0.0,-1.343585011952772,-1.343585011952772,-1.343585011952772,-0.12598445994103621,1.9290004483022556,2.063720489313377,0.19350968416767056,-0.08562958347501176,2.0146300317772674,1.2705615736994964,0.744068458077771,47,0.13472004101112153,1,0.0,-1.2672680599447492,20,2,22,0.09090909090909091,-1.0988686974338497,-2.366136757378599,-2.366136757378599,-0.221866468346296,-0.221866468346296,0.34911176523973675,28,0.0,-0.013804980425324244,3.0168377056511106,0.12724529689344075,0.0,0.0,0.0,0.0,0,0.0,0.0,0.0,0.0,0.0,0.0,0.0,0.0,0.0,0.12724529689344075,no_positional_adjustment
keilaniricketts,Keilani Ricketts,Blaze,0,25.0,0.0,0.0,0.0,0.0,0.0,0.0,0.0,0.0,0.0,0.0,0.0,0,0.0,0,0.0,0.0,0,0,0,0.0,0.0,0.0,0.0,0.0,0.0,0.0,0,0.0,-0.0,0.0,0.0,4.2,4.2,3.2247082096933735,0.9752917903066267,112,4.931027144820198,2.477517745750594,2.592738460143144,0.5604905148280301,0.07285104697980686,0.04236966741274303,0.11522071439254988,0.010803945673424962,0.571294460501455,0.571294460501455,no_positional_adjustment|no_reliever_leverage_adjustment
kellytorres,Kelly Torres,Bandits,1,0.0,-0.3443217806408652,-0.3443217806408652,-0.3443217806408652,-0.03228615472342003,0.0,0.0,0.0,0.0,0,0,0,0,0.0,0,0.0,0.0,0,0,0,0.0,0.0,0.0,0.0,0.0,0.0,-0.028581068657458155,0,0.0,-0.00018164447928058217,0.03969523296909356,-0.028581068657458155,0.0,0.0,0.0,0.0,0,0.0,0.0,0.0,0.0,0.0,0.0,0.0,0.0,0.0,-0.028581068657458155,small_position_player_sample|no_positional_adjustment
kelseystewarthunter,Kelsey Stewart-Hunter,Volts,9,0.0,1.0710464746558814,1.0710464746558814,1.0710464746558814,0.10042923259850642,0.8537928269205888,0.8537928269205888,0.08005792506183596,0.04575607959465129,0.8080367473259374,0.37334992719285015,0.4346868201330873,9,0.0,0,0.0,0.0,0,0,0,0.0,0.0,0.0,0.0,0.0,0.0,0.21383293225399921,0,0.0,-0.0016348003135252395,0.357257096721842,0.21383293225399921,0.0,0.0,0.0,0.0,0,0.0,0.0,0.0,0.0,0.0,0.0,0.0,0.0,0.0,0.21383293225399921,small_position_player_sample|no_positional_adjustment
korbeotis,Korbe Otis,Blaze,90,0.0,3.780651307501118,3.780651307501118,3.780651307501118,0.3545018059621249,0.6319308000509555,0.8254223118557438,0.07739769590856585,0.4026535004329314,0.2292772996180241,-0.1096368826962539,0.338914182314278,68,0.19349151180478832,1,0.0,-0.19763369735241026,0,0,0,0.0,0.0,-0.19763369735241026,-0.19763369735241026,-0.018531595995481986,-0.018531595995481986,0.7653572478072593,27,0.0,-0.016348003135252396,3.5725709672184203,0.7468256518117774,0.0,0.0,0.0,0.0,0,0.0,0.0,0.0,0.0,0.0,0.0,0.0,0.0,0.0,0.7468256518117774,no_positional_adjustment
laurenderkowski,Lauren Derkowski,Talons,0,5.0,0.0,0.0,0.0,0.0,0.0,0.0,0.0,0.0,0.0,0.0,0.0,0,0.0,0,0.0,0.0,0,0,0,0.0,0.0,0.0,0.0,0.0,0.0,0.0,0,0.0,-0.0,0.0,0.0,16.8,12.6,7.455819320804483,5.144180679195516,30,5.5644784297851615,-8.029181974316739,-8.028987104424969,-0.6872394099471182,0.0,0.00019486989176970826,0.00019486989176970826,1.827244115926313e-05,-0.6872211375059589,-0.6872211375059589,no_positional_adjustment|no_reliever_leverage_adjustment
lexikilfoyl,Lexi Kilfoyl,Bandits,0,57.666666666666664,0.0,0.0,0.0,0.0,0.0,0.0,0.0,0.0,0.0,0.0,0.0,0,0.0,0,0.0,0.0,0,0,0,0.0,0.0,0.0,0.0,0.0,0.0,0.0,0,0.0,-0.0,0.0,0.0,2.670520231213873,2.30635838150289,3.962563058762095,-1.656204677259205,246,4.941906866352861,18.8393618660698,18.670211563546886,2.5235199872024277,-0.15826261930095975,-0.010887683221955583,-0.16915030252291532,-0.01586078240128616,2.5076592048011417,2.5076592048011417,no_positional_adjustment|no_reliever_leverage_adjustment
mariahlopez,Mariah Lopez,Talons,0,12.0,0.0,0.0,0.0,0.0,0.0,0.0,0.0,0.0,0.0,0.0,0.0,0,0.0,0,0.0,0.0,0,0,0,0.0,0.0,0.0,0.0,0.0,0.0,0.0,0,0.0,-0.0,0.0,0.0,7.0,7.0,6.159523024508188,0.8404769754918124,56,5.268079683408016,-2.990505651571442,-2.97768118726646,-0.12288544190096294,0.017345487376144487,-0.004521023071162745,0.012824464304981742,0.0012025165472395235,-0.12168292535372342,-0.12168292535372342,no_positional_adjustment|no_reliever_leverage_adjustment
mariahmazon,Mariah Mazon,Volts,0,11.666666666666666,0.0,0.0,0.0,0.0,0.0,0.0,0.0,0.0,0.0,0.0,0.0,0,0.0,0,0.0,0.0,0,0,0,0.0,0.0,0.0,0.0,0.0,0.0,0.0,0,0.0,0.0,0.0,0.0,7.800000000000001,6.6000000000000005,6.255819320804484,0.3441806791955164,63,5.288037246026254,-4.195038549923107,-4.195038549923107,-0.2402070832877644,0.0,0.0,0.0,0.0,-0.2402070832877644,-0.2402070832877644,no_reliever_leverage_adjustment
maryiakopo,Mary Iakopo,Bandits|Volts,34,0.0,-6.738918819302111,-6.738918819302111,-6.738918819302111,-0.6318908297453565,0.3730906901655172,0.24508242885267764,0.022980739711561594,0.06405851143251182,0.30903217873300537,0.019014762661585527,0.29001741607141984,14,-0.12800826131283957,3,0.0,-0.14733663259411908,18,0,18,0.0,-1.2689869345825153,-1.4163235671766343,-1.4163235671766343,-0.13280496442362988,-0.13280496442362988,-0.48293716379109114,8,0.0,-0.006175912295539794,1.3496379209491811,-0.6157421282147211,0.0,0.0,0.0,0.0,0,0.0,0.0,0.0,0.0,0.0,0.0,0.0,0.0,0.0,-0.6157421282147211,no_positional_adjustment
mayabrady,Maya Brady,Talons,29,0.0,5.571184527086197,5.571184527086197,5.571184527086197,0.5223954328403028,-0.6697908239901214,-0.49779616660507087,-0.046677047341655224,-0.35807642586504856,-0.31171439812507284,0.23289379978631664,-0.5446081979113895,30,0.17199465738505051,1,0.0,-0.04175407635510561,0,0,0,0.0,0.0,-0.04175407635510561,-0.04175407635510561,-0.003915170765628991,-0.003915170765628991,0.5831658814115419,9,0.0,-0.005267689899136883,1.1511617561037133,0.5792507106459129,0.0,0.0,0.0,0.0,0,0.0,0.0,0.0,0.0,0.0,0.0,0.0,0.0,0.0,0.5792507106459129,no_positional_adjustment
mckenzieclark,McKenzie Clark,Blaze|Volts,72,0.0,-3.758055927611526,-3.758055927611526,-3.758055927611526,-0.3523830961616818,0.03415240796711702,0.03415240796711702,0.003202382160522659,0.22878039797325647,-0.19462799000613945,0.050544025873672765,-0.24517201587981222,35,0.0,0,0.0,0.5254383599435783,0,0,0,0.0,0.0,0.5254383599435783,0.5254383599435783,0.04926898366749747,0.04926898366749747,-0.08241451725190421,37,0.0,-0.013078402508201916,2.858056773774736,-0.03314553358440674,0.0,0.0,0.0,0.0,0,0.0,0.0,0.0,0.0,0.0,0.0,0.0,0.0,0.0,-0.03314553358440674,no_positional_adjustment
meganfaraimo,Megan Faraimo,Talons,0,42.333333333333336,0.0,0.0,0.0,0.0,0.0,0.0,0.0,0.0,0.0,0.0,0.0,0,0.0,0,0.0,0.0,0,0,0,0.0,0.0,0.0,0.0,0.0,0.0,0.0,0,0.0,-0.0,0.0,0.0,5.125984251968504,4.7952755905511815,4.277341630515771,0.5179339600354105,201,4.992097864599361,-0.9474341875080254,-0.8402970926360008,0.4668799425614223,0.10407292425686693,0.0030641706151576928,0.10713709487202462,0.010045965768467528,0.4769259083298898,0.4769259083298898,no_positional_adjustment|no_reliever_leverage_adjustment
miascott,Mia Scott,Volts,50,0.0,-0.6601913404010654,-0.6601913404010654,-0.6601913404010654,-0.06190441895246496,0.6013080992959587,0.7216118471984335,0.06766365957314194,0.2013267502164657,0.39998134907949306,0.3363052547980759,0.0636760942814172,37,0.1203037479024748,1,0.08159317261738369,0.058114259809478264,0,0,0,0.0,0.0,0.058114259809478264,0.13970743242686195,0.013100001315484831,0.013100001315484831,0.19101354391877065,6,0.0,-0.009082223964029109,1.984761648454678,0.20411354523425548,0.0,0.0,0.0,0.0,0,0.0,0.0,0.0,0.0,0.0,0.0,0.0,0.0,0.0,0.20411354523425548,no_positional_adjustment
michaelaedenfield,Michaela Edenfield,Volts,33,0.0,-4.174472962431481,-4.174472962431481,-4.174472962431481,-0.391429434707682,-1.1333823572865054,-1.6118726687552007,-0.15114109331399628,0.09151215918930258,-1.224894516475808,-0.5329237248976438,-0.6919707915781642,14,-0.4784903114686954,1,-0.02997300218597768,0.008256190081523344,14,2,16,0.125,-0.5320061345886533,-0.52374994450713,-0.5537229466931076,-0.0519211555469052,-0.0519211555469052,-0.4203026878449364,7,0.0,-0.0059942678162592114,1.3099426879800875,-0.4722238433918416,0.0,0.0,0.0,0.0,0,0.0,0.0,0.0,0.0,0.0,0.0,0.0,0.0,0.0,-0.4722238433918416,no_positional_adjustment
mirandastoddard,Miranda Stoddard,Volts,3,0.0,-1.0329653419225957,-1.0329653419225957,-1.0329653419225957,-0.09685846417026009,-0.18168585651685754,-0.18168585651685754,-0.01703620858268809,0.009151215918930259,-0.1908370724357878,-0.0038161197454814333,-0.18702095269030636,2,0.0,0,0.0,0.0,0,0,0,0.0,0.0,0.0,0.0,0.0,0.0,-0.10277941455506256,0,0.0,-0.0005449334378417465,0.11908569890728068,-0.10277941455506256,0.0,0.0,0.0,0.0,0,0.0,0.0,0.0,0.0,0.0,0.0,0.0,0.0,0.0,-0.10277941455506256,small_position_player_sample|no_positional_adjustment
montanafouts,Montana Fouts,Talons,0,38.0,0.0,0.0,0.0,0.0,0.0,0.0,0.0,0.0,0.0,0.0,0.0,0,0.0,0,0.0,0.0,0,0,0,0.0,0.0,0.0,0.0,0.0,0.0,0.0,0,0.0,-0.0,0.0,0.0,2.5789473684210527,2.2105263157894735,3.5669304319155954,-1.356404116126122,156,5.295098973496978,14.787300800448879,14.717352386520098,1.885400418283733,-0.06651617332938888,-0.0034322405993922815,-0.06994841392878115,-0.006558880215358723,1.8788415380683743,1.8788415380683743,no_positional_adjustment|no_reliever_leverage_adjustment
morganzerkle,Morgan Zerkle,Bandits,105,0.0,13.641664470810618,13.641664470810618,13.641664470810618,1.279143273974173,-0.013528218905418027,0.36347412229499465,0.03408201981452788,0.08563163565100701,-0.09915985455642504,-0.0544942326457946,-0.044665621910630435,70,0.37700234120041265,2,0.45073807100862195,0.29098933086600776,0,0,0,0.0,0.0,0.29098933086600776,0.7417274018746297,0.06954984263543412,0.06954984263543412,1.7022593307146978,39,0.0,-0.019072670324461128,4.167999461754824,1.771809173350132,0.0,0.0,0.0,0.0,0,0.0,0.0,0.0,0.0,0.0,0.0,0.0,0.0,0.0,1.771809173350132,no_positional_adjustment
odiccialexanderbennett,Odicci Alexander-Bennett,Bandits,0,31.666666666666668,0.0,0.0,0.0,0.0,0.0,0.0,0.0,0.0,0.0,0.0,0.0,0,0.0,0,0.0,0.0,0,0,0,0.0,0.0,0.0,0.0,0.0,0.0,0.0,0,0.0,-0.0,0.0,0.0,4.863157894736842,3.5368421052631582,4.876871952383432,-1.3400298471202738,145,4.907877233505359,0.179409593566569,0.179409593566569,0.432517615748188,0.0,0.0,0.0,0.0,0.432517615748188,0.432517615748188,no_positional_adjustment|no_reliever_leverage_adjustment
paigesinicki,Paige Sinicki,Talons,3,0.0,-0.3598730965296563,-0.3598730965296563,-0.3598730965296563,-0.03374436102684869,0.13325487180006376,0.13325487180006376,0.012494961546082773,0.009151215918930259,0.1241036558811335,0.1241036558811335,0,5,0.0,0,0.0,0.0,0,0,0,0.0,0.0,0.0,0.0,0.0,0.0,-0.010134141282880293,0,0.0,-0.0005449334378417465,0.11908569890728068,-0.010134141282880293,0.0,0.0,0.0,0.0,0,0.0,0.0,0.0,0.0,0.0,0.0,0.0,0.0,0.0,-0.010134141282880293,small_position_player_sample|no_positional_adjustment
paytongottshall,Payton Gottshall,Volts,0,47.333333333333336,0.0,0.0,0.0,0.0,0.0,0.0,0.0,0.0,0.0,0.0,0.0,0,0.0,0,0.0,0.0,0,0,0,0.0,0.0,0.0,0.0,0.0,0.0,0.0,0,0.0,-0.0,0.0,0.0,3.9929577464788735,3.401408450704225,4.251593968691808,-0.8501855179875832,207,5.3628560213507335,9.228142967214398,9.228903887744165,1.4866532834451882,0.0,0.0007609205297674322,0.0007609205297674322,7.134953214569411e-05,1.4867246329773338,1.4867246329773338,no_positional_adjustment|no_reliever_leverage_adjustment
rachelgarcia,Rachel Garcia,Volts,48,54.666666666666664,-4.61337121379993,-4.61337121379993,-4.61337121379993,-0.4325837782555861,-2.293972718716705,-2.293972718716705,-0.21509983478228425,0.1372682387839539,-2.431240957500659,-1.3684679284051193,-1.0627730290955397,25,0.0,0,0.0,-0.09573436966751936,0,0,0,0.0,0.0,-0.09573436966751936,-0.09573436966751936,-0.008976761986075133,-0.008976761986075133,-0.4698394818717003,9,0.0,-0.008718935005467944,1.905371182516491,-0.4788162438577755,4.225609756097561,3.8414634146341466,3.3013477760890373,0.5401156385451094,256,5.340506862973349,8.563019738997031,8.667296374613809,1.5205525892000902,0.14349448647537713,-0.03921785085860043,0.10427663561677669,0.009777747969630981,1.5303303371697212,1.0515140933119458,no_positional_adjustment|no_reliever_leverage_adjustment
raelinchaffin,Raelin Chaffin,Talons,0,36.666666666666664,0.0,0.0,0.0,0.0,0.0,0.0,0.0,0.0,0.0,0.0,0.0,0,0.0,0,0.0,0.0,0,0,0,0.0,0.0,0.0,0.0,0.0,0.0,0.0,0,0.0,-0.0,0.0,0.0,4.00909090909091,3.6272727272727274,4.231576896562061,-0.6043041692893332,164,5.09224764852169,5.549122900981253,5.64717142759871,1.0016576465199036,0.16811780072263122,-0.07006927410517395,0.09804852661745726,0.009193754443540094,1.0108514009634437,1.0108514009634437,no_positional_adjustment|no_reliever_leverage_adjustment
sahvannajaquish,Sahvanna Jaquish,Talons,29,0.0,-2.6514122006465315,-2.6514122006465315,-2.6514122006465315,-0.24861600211961077,0.671697259367979,0.671697259367979,0.06298329894463242,0.10066337510823285,0.5710338842597461,0.2101775814437195,0.3608563028160266,17,0.0,0,0.19038406944056194,0.0568695008696003,0,4,4,1.0,0.2977203680035787,0.354589868873179,0.544973938313741,0.051100783865256176,0.051100783865256176,-0.078185207262084,8,0.0,-0.005267689899136883,1.1511617561037133,-0.02708442339682781,0.0,0.0,0.0,0.0,0,0.0,0.0,0.0,0.0,0.0,0.0,0.0,0.0,0.0,-0.02708442339682781,no_positional_adjustment
samlandry,Sam Landry,Volts,0,39.0,0.0,0.0,0.0,0.0,0.0,0.0,0.0,0.0,0.0,0.0,0.0,0,0.0,0,0.0,0.0,0,0,0,0.0,0.0,0.0,0.0,0.0,0.0,0.0,0,0.0,-0.0,0.0,0.0,6.282051282051282,5.205128205128205,5.321916186901351,-0.11678798177314587,189,5.261398181648899,-5.798313874108059,-5.714689368416787,-0.03173173756677561,0.07285104697980686,0.010773458711465098,0.08362450569127196,0.007841251646621772,-0.023890485920153838,-0.023890485920153838,no_positional_adjustment|no_reliever_leverage_adjustment
samshow,Sam Show,Volts,6,12.0,-0.5187168674658348,-0.5187168674658348,-0.5187168674658348,-0.048638726860318955,-0.06549257743826459,-0.06549257743826459,-0.006141068056954693,0.018302431837860518,-0.08379500927612511,0.0,-0.08379500927612511,1,0.0,0,0.0,0.024608328992763818,0,0,0,0.0,0.0,0.024608328992763818,0.024608328992763818,0.002307458784240792,0.002307458784240792,-0.0325492785215024,5,0.0,-0.001089866875683493,0.23817139781456137,-0.03024181973726161,4.083333333333334,3.5,6.807671172656336,-3.3076711726563364,61,5.379694223424102,2.213658024189687,2.213658024189687,0.36509540360028925,0.0,0.0,0.0,0.0,0.36509540360028925,0.33485358386302766,small_position_player_sample|no_positional_adjustment|no_reliever_leverage_adjustment
sarahwillis,Sarah Willis,Bandits,6,17.0,-2.0659306838451914,-2.0659306838451914,-2.0659306838451914,-0.19371692834052018,0.0,0.0,0.0,0.0,0,0,0,0,0.0,0,0.0,0.0007263332329598217,0,0,0,0.0,0.0,0.0007263332329598217,0.0007263332329598217,6.810637159361711e-05,6.810637159361711e-05,-0.17148641194474892,1,0.0,-0.001089866875683493,0.23817139781456137,-0.17141830557315532,7.0,6.588235294117647,3.6584336998894518,2.929801594228195,87,4.802701825417343,-5.459694232629852,-5.3485850513667375,-0.288778782419017,0.07285104697980686,0.038258134283307606,0.11110918126311448,0.01041841794259031,-0.2783603644764267,-0.44977867004958205,small_position_player_sample|no_positional_adjustment|no_reliever_leverage_adjustment
sharlizepalacios,Sharlize Palacios,Talons,83,0.0,-1.2277923885008692,-1.2277923885008692,-1.2277923885008692,-0.11512688784774427,-2.490353690915093,-2.8210296864093545,-0.264520591073999,0.3111413412436288,-2.801495032158722,-0.7285027748201722,-2.0729922573385497,52,-0.3306759954942615,2,0.22896043336510727,0.19101342575940067,14,16,30,0.5333333333333333,2.983703874093877,3.1747172998532776,3.4036777332183847,0.31915397776699933,0.31915397776699933,-0.07212533544690776,29,0.0,-0.01507649178028832,3.2947043364347652,0.24702864232009156,0.0,0.0,0.0,0.0,0,0.0,0.0,0.0,0.0,0.0,0.0,0.0,0.0,0.0,0.24702864232009156,no_positional_adjustment
sierraromero,Sierra Romero,Volts,82,0.0,-2.631042050847271,-2.631042050847271,-2.631042050847271,-0.24670594633709805,-2.9110395025981357,-2.9110395025981357,-0.2729605766209159,0.2653852616489775,-3.176424764247113,-1.3288623433153166,-1.8475624209317965,40,0.0,0,0.13598862102897283,-0.1967240567445773,0,0,0,0.0,0.0,-0.1967240567445773,-0.06073543571560447,-0.005695003293310714,-0.005695003293310714,-0.2158494655491403,18,0.0,-0.014894847301007737,3.255009103465672,-0.221544468842451,0.0,0.0,0.0,0.0,0,0.0,0.0,0.0,0.0,0.0,0.0,0.0,0.0,0.0,-0.221544468842451,no_positional_adjustment
sierrasaccoferrie,Sierra Sacco-Ferrie,Talons,82,0.0,1.2145082003827223,1.2145082003827223,1.2145082003827223,0.11388126419837992,-0.3543301563285628,-0.16083864452377447,-0.015081419923347801,0.3111413412436288,-0.6654714975721916,0.4826083665810992,-1.1480798641532908,58,0.19349151180478832,1,0.0,0.3872228267976871,0,0,0,0.0,0.0,0.3872228267976871,0.3872228267976871,0.036308873853873276,0.036308873853873276,0.4026169016839058,37,0.0,-0.014894847301007737,3.255009103465672,0.438925775537779,0.0,0.0,0.0,0.0,0,0.0,0.0,0.0,0.0,0.0,0.0,0.0,0.0,0.0,0.438925775537779,no_positional_adjustment
sisbates,Sis Bates,Volts,43,0.0,-5.1197670759239875,-5.1197670759239875,-5.1197670759239875,-0.48006719660166497,0.45354506040415515,-0.03492593347370432,-0.0032749136284469546,0.1372682387839539,0.31627682162020126,0.49012597327030283,-0.17384915165010156,20,-0.48847099387785947,1,0.0,0.2511659581450046,0,0,0,0.0,0.0,0.2511659581450046,0.2511659581450046,0.023551176375867153,0.023551176375867153,-0.3240234093937513,19,0.0,-0.007810712609065033,1.7068950176710231,-0.30047223301788417,0.0,0.0,0.0,0.0,0,0.0,0.0,0.0,0.0,0.0,0.0,0.0,0.0,0.0,-0.30047223301788417,no_positional_adjustment
skylarwallace,Skylar Wallace,Bandits,93,0.0,10.05617528011844,10.05617528011844,10.05617528011844,0.9429413103505605,-0.1149546498924337,-0.34301255100464967,-0.03216339167739759,0.43925836410865243,-0.5542130140010861,0.5118933844224414,-1.0661063984235275,71,-0.22805790111221594,3,0.0,0.1499568275053379,0,0,0,0.0,0.0,0.1499568275053379,0.1499568275053379,0.014061060342041978,0.014061060342041978,1.255350922807617,23,0.0,-0.016892936573094142,3.691656666125701,1.269411983149659,0.0,0.0,0.0,0.0,0,0.0,0.0,0.0,0.0,0.0,0.0,0.0,0.0,0.0,1.269411983149659,no_positional_adjustment
sydneymckinney,Sydney McKinney,Bandits,85,0.0,8.111113670046564,8.111113670046564,8.111113670046564,0.760557959600916,-4.613686357971287,-4.101670780559461,-0.3846029641203501,-0.6723851734417543,-3.9413011845295327,-0.3731465581280209,-3.568154626401512,89,0.5120155774118254,3,0.0,0.05165563718408265,0,0,0,0.0,0.0,0.05165563718408265,0.05165563718408265,0.004843614282425112,0.004843614282425112,0.690887311087325,24,0.0,-0.015439780738849484,3.3740948023729525,0.6957309253697502,0.0,0.0,0.0,0.0,0,0.0,0.0,0.0,0.0,0.0,0.0,0.0,0.0,0.0,0.6957309253697502,no_positional_adjustment
sydneyromero,Sydney Romero,Talons,66,0.0,0.609788430962051,0.609788430962051,0.609788430962051,0.057178269681193994,-1.8489493905418244,-1.8489493905418244,-0.17337115876811207,0.22878039797325647,-2.077729788515081,-0.8510840234172949,-1.226645765097786,54,0.0,0,0.2564356853689202,0.09257143734652147,0,0,0,0.0,0.0,0.09257143734652147,0.34900712271544165,0.03272548702145349,0.03272548702145349,0.12834279126656556,26,0.0,-0.011988535632518423,2.619885375960175,0.16106827828801903,0.0,0.0,0.0,0.0,0,0.0,0.0,0.0,0.0,0.0,0.0,0.0,0.0,0.0,0.16106827828801903,no_positional_adjustment
tayloredwards,Taylor Edwards,Blaze,31,0.0,-4.63062059525709,-4.63062059525709,-4.63062059525709,-0.43420120773557025,-0.7545257085972104,-0.41890891460792656,-0.03927999561014782,0.07320972735144207,-0.8277354359486524,-0.2922019419364825,-0.5355334940121699,16,0.3356167939892838,2,0.0,-0.09254677704526174,12,6,18,0.3333333333333333,0.41024699464712383,0.31770021760186207,0.31770021760186207,0.029789920237013778,0.029789920237013778,-0.35862353530089996,21,0.0,-0.005630978857698047,1.2305522220419003,-0.32883361506388614,0.0,0.0,0.0,0.0,0,0.0,0.0,0.0,0.0,0.0,0.0,0.0,0.0,0.0,-0.32883361506388614,no_positional_adjustment
taylormcquillin,Taylor McQuillin,Bandits,0,33.0,0.0,0.0,0.0,0.0,0.0,0.0,0.0,0.0,0.0,0.0,0.0,0,0.0,0,0.0,0.0,0,0,0,0.0,0.0,0.0,0.0,0.0,0.0,0.0,0,0.0,-0.0,0.0,0.0,5.303030303030303,4.666666666666666,4.39184625683142,0.2748204098352458,145,4.943161215951109,-1.6025954472871469,-1.7203817544224655,0.28292659483302673,-0.10199146577172963,-0.015794841363588934,-0.11778630713531857,-0.011044514608960034,0.2718820802240667,0.2718820802240667,no_positional_adjustment|no_reliever_leverage_adjustment
tiarejennings,Tiare Jennings,Volts,70,0.0,0.1696879350935866,0.1696879350935866,0.1696879350935866,0.015911194804267857,0.7094959429576445,0.881490600342695,0.08265507298705849,0.22878039797325647,0.480715544984388,-1.2756284879598838,1.7563440329442719,32,0.17199465738505051,1,0.0,0.022293897547133183,0,0,0,0.0,0.0,0.022293897547133183,0.022293897547133183,0.0020904405880311306,0.0020904405880311306,0.35792229240865747,19,0.0,-0.012715113549640751,2.778666307836549,0.36001273299668857,0.0,0.0,0.0,0.0,0,0.0,0.0,0.0,0.0,0.0,0.0,0.0,0.0,0.0,0.36001273299668857,no_positional_adjustment
torividales,Tori Vidales,Talons,85,0.0,-3.6382761891508895,-3.6382761891508895,-3.6382761891508895,-0.34115166270001385,1.4263378104165483,1.7305497396038672,0.16226913251154793,0.2928389094057683,1.13349890101078,0.3675820574199482,0.7659168435908319,50,0.30421192918731893,2,-0.3066468685180793,0.17554987132005312,0,0,0,0.0,0.0,0.17554987132005312,-0.1310969971980262,-0.012292623276498283,-0.012292623276498283,0.13604978541829332,17,0.0,-0.015439780738849484,3.3740948023729525,0.12375716214179507,0.0,0.0,0.0,0.0,0,0.0,0.0,0.0,0.0,0.0,0.0,0.0,0.0,0.0,0.12375716214179507,no_positional_adjustment
victoriahayward,Victoria Hayward,Talons,33,0.0,-5.992356401931759,-5.992356401931759,-5.992356401931759,-0.5618876203258216,1.7956493373177023,1.9891408491224907,0.18651654595277667,0.07320972735144207,1.7224396099662602,0.6312402270524475,1.0911993829138127,14,0.19349151180478832,1,0.0,0.16861393616681447,0,0,0,0.0,0.0,0.16861393616681447,0.16861393616681447,0.015810488727940032,0.015810488727940032,-0.2531032341963031,21,0.0,-0.0059942678162592114,1.3099426879800875,-0.2372927454683631,0.0,0.0,0.0,0.0,0,0.0,0.0,0.0,0.0,0.0,0.0,0.0,0.0,0.0,-0.2372927454683631,no_positional_adjustment
